Data;Rondonia;Acre;Amazonas;Roraima;Para;Amapa;Tocantins;Maranhao;Piaui;Ceara;Rio Grande do Norte;Paraiba;Pernambuco;Alagoas;Sergipe;Bahia;Minas Gerais;Espirito Santo;Rio de Janeiro;Sao Paulo;Parana;Santa Catarina;Rio Grande do Sul;Mato Grosso do Sul;Mato Grosso;Goias;Distrito Federal
jul/94;258.53;266.01;272.22;357.26;297.65;276.68;261.45;263.27;209.60;232.07;273.90;243.26;224.13;249.95;231.97;225.89;214.76;220.13;267.00;274.15;263.97;223.00;285.18;276.15;234.76;236.56;282.64
ago/94;261.68;272.98;273.82;362.17;295.59;278.76;260.71;261.76;209.29;239.48;276.65;243.12;222.34;247.19;231.43;226.10;212.85;216.24;266.82;268.62;262.87;220.75;283.07;273.38;228.01;236.21;284.15
set/94;260.07;269.79;271.07;362.69;293.79;274.47;254.83;258.39;213.82;231.32;268.49;239.35;220.10;245.45;227.11;227.14;212.65;212.05;262.78;266.28;260.67;218.28;272.35;272.91;226.96;231.98;282.57
out/94;257.52;277.31;273.25;403.21;295.58;273.23;258.04;259.77;219.16;232.01;267.00;244.25;223.79;246.79;226.21;225.69;209.61;204.32;262.65;265.74;258.44;219.64;281.30;274.40;229.32;229.86;279.40
nov/94;259.82;285.32;285.96;411.14;293.75;271.23;269.47;262.39;227.00;230.35;278.29;246.38;227.72;250.63;226.69;225.68;210.16;204.67;262.91;269.51;259.18;222.01;283.36;273.96;229.89;229.40;276.21
dez/94;261.37;293.86;287.57;415.77;308.91;278.02;273.84;275.07;228.99;235.14;281.04;262.27;231.56;258.80;233.58;228.28;223.00;212.77;265.38;271.85;261.16;222.56;286.17;277.32;243.35;230.36;277.97
jan/95;264.99;302.30;306.65;402.14;317.28;278.50;275.77;283.25;238.17;238.05;286.78;265.65;233.64;265.07;240.61;230.08;225.54;214.65;268.04;275.74;268.09;224.76;290.27;278.94;245.00;233.95;283.65
fev/95;268.28;302.13;310.07;404.03;316.84;282.50;276.52;287.68;239.72;242.09;289.10;274.14;234.78;271.80;241.12;250.46;230.39;213.93;270.63;279.35;273.10;227.75;293.86;281.24;252.28;237.01;289.55
mar/95;268.04;302.87;311.64;401.84;321.02;279.62;275.56;288.44;243.53;245.02;290.25;273.93;236.37;273.41;243.07;253.21;234.41;216.84;285.13;287.13;281.86;239.37;298.24;282.55;257.01;244.51;290.35
abr/95;272.98;311.91;316.71;409.99;324.40;286.07;277.82;291.17;243.56;260.37;292.93;279.16;238.50;274.31;245.64;255.80;240.96;220.84;300.61;298.22;288.72;255.97;305.69;306.28;260.53;248.70;292.21
mai/95;278.01;315.30;317.18;417.71;336.75;305.76;278.06;297.91;244.18;269.40;296.52;282.98;241.16;299.98;250.68;261.35;244.20;223.17;306.94;303.40;291.02;265.14;310.29;307.29;265.07;267.66;313.44
jun/95;297.29;330.44;320.00;429.60;333.95;308.01;315.05;314.55;258.88;270.48;309.88;290.69;242.71;302.28;263.96;263.19;255.99;226.78;307.88;342.33;292.94;293.50;330.21;313.51;289.12;269.63;314.59
jul/95;299.52;331.04;339.30;431.08;337.97;312.43;316.75;317.09;260.52;276.97;311.68;292.44;244.31;305.81;267.10;267.21;256.51;230.87;309.64;347.60;309.10;301.54;345.73;316.25;293.60;273.38;321.88
ago/95;300.17;334.14;339.92;428.29;337.81;314.72;318.64;322.04;260.43;277.40;314.12;294.89;247.12;306.78;265.61;270.13;260.91;235.66;312.93;349.34;313.16;303.04;346.07;320.53;294.95;273.01;323.79
set/95;301.56;330.76;338.30;433.18;345.87;311.52;318.90;321.36;260.41;286.53;315.73;296.91;248.95;305.95;268.27;270.11;258.48;241.56;312.59;349.76;314.62;304.23;346.84;319.01;293.02;274.62;327.18
out/95;301.08;331.22;343.83;481.34;346.54;312.96;318.66;319.57;258.92;284.95;315.92;290.27;270.51;302.66;263.50;270.85;258.11;239.59;317.17;347.55;316.75;306.63;347.68;328.13;290.34;275.57;326.64
nov/95;304.46;330.48;343.84;487.28;345.30;315.52;319.32;317.13;264.54;282.53;315.98;290.94;269.39;303.27;263.80;276.17;259.55;240.75;317.95;348.53;319.64;307.39;344.69;327.24;296.80;277.91;327.31
dez/95;304.81;334.79;344.89;487.19;351.67;319.57;322.17;319.56;269.77;284.01;326.90;305.09;271.52;306.15;272.90;275.07;270.56;241.89;324.21;347.75;319.92;313.17;342.24;324.63;295.87;278.79;329.49
jan/96;305.82;335.01;346.09;488.25;358.92;320.92;322.95;339.30;271.35;285.04;327.12;307.65;271.57;311.25;274.72;276.76;271.29;248.49;327.05;349.21;319.95;314.75;345.55;331.13;295.77;281.48;329.42
fev/96;312.00;339.46;351.13;486.88;360.63;325.55;328.75;336.63;275.41;286.35;327.30;308.46;271.36;313.16;275.03;290.73;267.52;252.11;327.09;346.89;319.88;322.77;348.54;330.28;292.56;280.73;326.32
mar/96;323.89;341.09;357.52;487.70;364.51;325.19;327.65;335.08;276.57;288.18;326.61;315.95;271.90;313.66;274.35;303.07;268.28;253.41;327.85;346.64;318.43;319.93;350.33;331.43;290.54;279.66;326.94
abr/96;324.58;345.95;359.26;486.73;364.55;325.12;328.93;336.40;278.14;314.25;325.55;316.65;270.81;314.83;274.26;299.64;266.65;250.90;344.24;344.01;315.71;320.60;349.24;333.86;286.54;277.03;325.89
mai/96;324.48;344.95;361.42;487.07;363.78;334.05;345.52;335.37;276.60;308.90;325.99;316.63;270.54;332.17;272.42;300.72;265.70;253.77;345.98;347.55;315.81;320.80;348.11;332.91;285.16;275.90;340.78
jun/96;326.55;350.69;365.98;490.43;362.88;333.50;348.01;336.60;279.98;315.06;326.49;318.41;270.43;331.70;273.84;303.27;267.22;253.67;345.48;362.04;316.66;336.80;350.05;338.09;284.53;287.45;340.27
jul/96;326.82;351.16;373.36;480.07;361.13;333.84;349.09;345.17;281.55;313.49;324.77;316.57;270.95;332.94;275.49;299.02;265.04;251.11;341.41;363.00;328.40;340.12;353.70;334.01;293.46;286.27;340.20
ago/96;333.78;350.07;381.75;480.79;364.31;334.71;347.20;345.07;279.13;311.25;322.01;316.93;271.56;336.05;274.73;302.94;263.68;251.06;339.92;364.27;327.83;339.10;352.86;331.41;295.77;291.02;341.75
set/96;349.69;350.35;378.81;476.60;362.50;339.98;352.31;343.16;282.19;319.86;320.87;315.65;270.81;336.66;273.48;303.51;263.90;251.18;340.39;362.52;328.95;339.41;352.57;328.25;302.59;290.27;344.45
out/96;349.96;350.59;382.22;477.43;363.37;342.21;358.30;342.65;286.03;316.42;318.49;319.99;273.69;337.45;274.11;301.37;264.22;248.01;340.53;360.78;326.38;339.46;350.01;329.25;303.56;291.47;345.43
nov/96;348.17;356.12;380.26;479.35;364.54;339.75;357.05;340.86;286.89;318.85;318.54;331.65;288.11;336.30;272.85;303.11;266.56;246.84;337.92;362.04;326.67;340.62;347.10;331.03;303.32;292.65;342.56
dez/96;350.99;355.04;386.15;482.44;368.04;343.41;366.16;341.21;294.44;317.76;328.62;329.47;285.84;336.80;273.62;300.59;274.27;246.20;335.93;360.60;326.28;341.22;350.01;329.20;302.83;293.62;342.47
jan/97;351.31;358.33;391.44;485.75;375.77;342.53;366.10;343.27;294.39;318.71;328.54;332.54;287.97;338.91;278.96;300.90;274.65;249.29;341.08;362.31;326.74;342.71;350.05;331.10;304.35;295.55;343.15
fev/97;351.58;358.67;391.58;485.62;378.43;344.98;367.43;345.68;296.25;319.48;328.82;333.20;288.87;339.27;284.10;299.81;275.58;257.56;343.75;365.54;334.50;345.24;351.77;332.36;305.00;293.46;345.38
mar/97;352.50;358.19;391.68;484.87;378.78;342.88;367.66;345.20;296.93;320.92;329.01;333.07;289.42;339.00;286.94;298.70;277.92;259.49;342.09;368.31;335.10;345.22;353.33;334.47;308.42;294.87;344.84
abr/97;351.95;357.26;392.26;483.74;379.51;342.30;366.63;349.10;298.24;318.29;328.32;331.20;287.66;337.65;286.75;307.65;276.86;259.94;355.09;369.57;335.94;343.20;354.25;344.12;308.16;296.87;345.49
mai/97;351.79;356.29;390.97;480.19;377.21;344.96;365.99;351.47;298.84;323.72;330.84;331.54;287.08;336.74;287.07;311.96;277.17;261.28;355.21;371.13;339.21;344.16;353.08;343.70;308.85;298.15;354.48
jun/97;352.01;357.91;392.09;484.53;377.93;343.96;375.13;347.64;300.03;321.83;332.49;338.08;286.01;346.50;287.79;309.93;278.42;260.52;354.97;384.26;339.73;344.40;354.26;343.41;310.27;302.86;355.59
jul/97;353.52;358.29;401.72;483.71;379.26;345.00;375.90;347.46;302.36;322.05;333.27;340.11;283.33;347.14;287.33;311.46;279.77;261.04;355.43;380.88;338.08;344.87;360.99;343.76;312.03;303.47;355.74
ago/97;353.35;358.88;400.72;485.63;380.92;348.34;373.93;347.45;301.45;319.98;332.29;337.86;283.24;344.42;286.19;311.47;277.42;261.47;356.75;383.50;346.10;345.33;359.34;341.98;310.95;304.94;354.94
set/97;350.20;357.86;398.50;487.35;377.78;347.12;370.61;347.30;299.35;320.59;332.21;336.41;280.74;341.34;286.04;309.72;279.78;261.06;354.24;381.74;342.90;347.05;362.43;343.67;314.64;304.24;356.01
out/97;351.31;358.44;397.53;486.63;376.65;346.30;372.39;344.42;298.96;317.63;330.98;337.76;280.97;341.27;284.74;310.17;279.49;261.27;356.23;383.43;346.46;344.00;361.12;344.01;318.55;301.68;356.92
nov/97;355.00;361.85;397.40;486.82;375.74;343.22;371.04;347.79;298.94;316.98;330.40;333.81;285.93;341.45;281.69;309.99;284.19;261.69;356.43;383.89;344.90;343.78;359.62;347.68;320.11;304.40;356.12
dez/97;355.16;368.68;401.46;483.16;377.69;342.33;372.21;348.26;304.94;315.81;336.48;332.55;288.01;341.51;281.37;309.50;284.14;262.70;357.93;385.35;342.82;351.08;361.22;347.53;323.24;304.40;356.92
jan/98;355.47;365.10;399.49;476.35;378.12;342.81;370.36;354.14;305.09;313.37;336.00;332.92;284.23;343.24;280.46;310.68;287.17;261.10;355.30;384.32;342.57;351.01;359.76;346.92;322.46;303.96;357.16
fev/98;355.74;366.80;399.57;478.92;379.55;346.19;370.88;348.57;305.16;311.23;333.98;329.49;285.61;339.79;280.80;308.45;288.40;261.17;356.89;383.88;345.91;349.44;360.72;345.90;324.91;303.32;360.56
mar/98;355.34;368.83;400.04;480.14;379.29;347.03;371.11;348.85;306.73;313.05;335.07;328.91;285.58;342.81;280.46;314.50;287.86;264.08;357.36;383.77;345.90;349.66;359.77;345.28;325.74;301.12;361.51
abr/98;353.44;371.08;400.95;480.88;381.63;346.59;372.24;347.59;307.01;322.13;336.13;328.57;288.59;339.85;279.56;314.63;289.21;264.28;365.07;385.51;349.17;350.27;359.95;344.69;325.19;300.94;362.20
mai/98;353.04;373.67;401.35;482.53;381.10;346.40;373.27;347.60;308.24;323.02;335.48;327.45;287.29;341.29;280.22;314.02;288.76;265.33;366.53;391.71;349.37;349.91;363.22;349.23;326.43;302.65;360.63
jun/98;354.80;373.16;399.17;482.60;380.67;351.58;377.01;347.71;307.98;322.15;335.93;327.81;285.38;341.31;284.05;314.95;287.92;265.17;367.41;392.57;350.34;350.32;360.76;346.43;326.66;309.05;365.18
jul/98;357.13;373.68;406.79;481.73;380.00;350.98;377.73;350.79;307.63;321.90;335.74;328.67;287.02;346.85;284.20;316.50;288.10;265.24;365.38;392.32;354.13;351.55;366.51;344.55;324.18;309.86;364.26
ago/98;359.49;373.38;406.93;483.15;380.87;349.55;378.28;348.68;307.25;321.70;335.26;328.20;287.08;347.71;283.15;316.71;287.93;264.32;365.38;391.90;356.76;349.60;365.36;346.11;326.68;310.76;364.94
set/98;359.65;376.60;407.96;481.81;380.04;348.80;378.86;345.86;307.27;320.57;335.09;330.55;286.78;345.58;283.28;315.44;287.63;263.29;363.97;393.32;355.81;349.90;362.64;344.24;329.63;310.32;363.88
out/98;358.78;376.80;407.56;479.32;382.98;346.05;379.36;343.71;306.79;320.92;335.05;331.26;287.05;343.65;281.83;315.91;288.42;263.84;365.49;393.86;356.53;349.38;365.16;344.64;328.83;310.61;363.34
nov/98;356.73;376.34;405.51;478.13;382.97;344.30;379.26;347.28;305.08;322.93;333.32;328.99;285.51;343.07;280.90;315.27;287.46;263.91;366.46;392.45;358.48;347.62;364.45;345.98;327.96;310.74;363.77
dez/98;356.40;376.73;404.43;477.99;383.20;348.54;379.99;347.66;305.89;323.76;335.69;331.02;286.57;343.04;281.28;315.12;287.49;264.43;366.33;393.79;357.73;347.98;365.56;346.82;328.07;311.69;364.43
jan/99;263.13;271.58;313.59;333.30;279.08;271.59;291.65;259.56;231.50;250.88;253.44;245.73;242.55;283.85;229.06;269.76;246.84;225.83;310.37;325.09;295.46;295.21;294.69;270.12;255.08;258.59;296.44
fev/99;262.73;269.39;315.29;333.36;280.01;274.94;291.58;259.61;231.86;254.76;255.14;250.30;246.37;287.61;230.15;273.73;252.60;227.19;312.77;327.72;296.38;296.95;298.60;272.33;261.66;259.54;299.51
mar/99;263.26;269.26;315.79;334.58;283.09;275.88;289.76;260.12;232.99;255.43;256.09;251.30;246.78;287.98;229.78;275.07;257.72;228.40;314.48;330.56;299.44;297.80;299.35;274.12;261.80;262.09;300.66
abr/99;263.38;269.08;315.98;335.69;283.33;276.30;289.54;262.59;234.45;256.37;256.09;251.99;249.94;286.10;227.93;276.96;259.22;230.10;317.64;332.39;302.87;297.66;300.87;275.95;263.45;262.35;301.77
mai/99;263.10;270.17;316.43;334.62;284.58;282.17;290.57;261.20;235.77;260.09;256.26;252.31;249.83;287.63;232.27;278.02;261.18;229.79;315.73;341.72;303.69;300.00;301.87;277.35;264.58;262.39;302.68
jun/99;261.27;267.38;313.86;333.13;283.33;281.21;291.69;257.59;234.87;260.56;253.45;251.78;249.71;295.07;230.75;277.46;259.26;229.72;322.29;342.11;303.51;299.36;303.08;280.35;262.00;269.95;309.44
jul/99;267.38;266.76;313.30;333.39;284.50;283.17;292.36;259.68;234.49;260.18;254.03;251.99;250.43;294.14;229.78;277.96;260.31;232.39;324.04;342.49;310.57;298.63;300.55;280.93;261.60;271.07;312.23
ago/99;268.04;267.05;316.83;332.34;283.21;284.52;297.20;258.56;234.44;261.10;254.29;251.32;252.13;293.17;229.37;278.99;260.99;233.10;326.88;341.94;312.58;300.01;309.14;281.34;263.42;270.85;311.55
set/99;267.72;272.10;317.29;334.17;282.63;288.27;298.47;259.95;233.26;261.41;254.09;250.66;252.66;294.01;231.76;279.98;263.76;235.43;329.57;343.10;313.74;301.42;311.71;284.45;264.58;269.10;316.64
out/99;268.07;272.34;317.95;343.78;285.25;291.35;301.35;261.22;233.62;263.39;255.35;249.38;252.58;296.20;232.03;283.58;266.24;238.86;329.93;346.31;315.62;302.27;313.17;284.67;266.57;271.60;319.14
nov/99;270.27;273.24;319.33;356.51;288.24;297.47;305.48;265.05;235.77;266.36;264.87;250.89;262.58;300.89;235.73;287.07;270.86;242.58;332.88;352.01;318.54;305.68;316.04;287.33;271.52;279.29;323.87
dez/99;273.67;277.55;320.87;366.91;291.71;301.75;310.84;269.57;237.56;269.13;267.44;253.13;266.04;304.38;239.20;291.08;272.37;246.20;335.83;353.76;321.53;310.18;319.66;287.94;274.73;282.91;324.02
jan/00;277.33;279.27;316.09;370.79;299.69;308.44;310.42;269.65;238.68;271.26;268.48;259.96;269.98;304.10;247.24;292.09;279.91;254.88;337.78;357.00;323.57;312.76;320.27;288.07;280.00;285.65;327.18
fev/00;277.28;279.31;318.01;375.29;303.39;309.63;310.50;271.41;242.79;270.69;269.78;261.40;271.03;302.94;247.57;291.41;281.39;255.87;339.77;356.87;323.99;315.02;319.74;287.03;281.66;285.11;328.32
mar/00;277.83;282.20;318.46;377.28;306.98;312.90;310.74;276.29;244.57;272.53;272.53;265.03;274.24;304.60;249.83;301.84;283.56;258.77;347.41;357.98;324.84;318.71;321.11;287.23;281.29;290.08;330.70
abr/00;278.43;281.25;319.14;376.39;307.13;313.36;309.46;275.40;244.91;272.93;273.65;266.06;274.88;305.37;249.63;302.84;284.73;259.11;353.43;358.76;326.60;319.88;321.11;286.90;280.12;291.82;331.88
mai/00;278.45;280.20;318.64;377.81;308.24;322.69;310.28;278.17;247.45;282.03;275.30;267.04;274.87;303.62;249.68;302.85;285.78;259.39;352.75;359.54;325.63;321.15;322.02;287.36;280.00;292.98;332.22
jun/00;278.72;281.01;318.58;381.35;310.43;324.58;312.01;279.55;248.39;282.54;275.91;267.07;274.57;313.44;251.02;302.69;286.09;259.62;352.96;367.25;326.41;325.63;326.16;288.75;279.98;292.79;341.48
jul/00;279.31;282.08;320.03;382.46;311.86;325.45;313.57;280.58;248.91;283.52;276.46;267.46;275.58;313.68;251.13;303.91;286.62;265.38;354.06;369.61;336.22;327.24;330.13;295.97;280.99;300.89;343.04
ago/00;279.88;283.75;331.60;383.36;312.16;328.77;321.44;284.42;249.46;284.54;276.92;268.39;277.98;315.73;251.29;305.71;287.85;269.57;354.16;370.65;336.96;327.71;330.76;297.67;284.15;302.93;345.05
set/00;281.06;285.17;332.55;400.51;314.81;329.66;322.63;284.51;249.89;287.05;277.13;270.25;279.10;317.50;256.25;306.65;287.91;271.92;355.25;370.90;337.10;327.99;331.05;299.23;284.60;303.10;345.09
out/00;281.44;285.90;333.55;400.45;314.57;330.36;322.95;286.62;250.33;288.75;277.14;270.78;281.14;317.43;256.82;306.39;288.65;271.85;355.67;371.07;336.76;328.14;332.54;299.30;285.15;303.56;344.51
nov/00;281.82;287.17;334.03;403.86;315.60;330.97;323.48;286.29;250.69;289.51;281.83;271.35;289.75;317.93;258.73;306.26;288.78;271.92;355.74;371.87;337.95;327.88;336.40;300.94;285.83;304.45;344.91
dez/00;283.34;291.54;335.67;403.54;316.30;329.76;325.49;287.00;253.06;289.80;283.74;272.38;292.56;319.53;261.41;307.12;289.53;272.53;356.15;373.31;339.77;327.93;337.09;302.09;286.30;304.46;346.46
jan/01;286.16;294.85;337.03;406.00;323.24;330.65;326.69;293.84;261.85;291.62;285.66;273.43;295.03;322.17;263.04;307.64;299.87;273.99;356.33;376.13;340.49;328.74;337.31;303.11;288.86;304.59;348.46
fev/01;287.67;296.85;337.30;404.95;324.18;329.10;326.81;295.36;263.85;292.84;285.97;274.51;294.77;322.11;265.80;307.67;302.33;274.36;357.19;376.76;342.21;331.15;337.98;304.63;289.90;303.82;349.90
mar/01;289.93;299.48;339.65;408.97;327.29;330.81;328.55;297.14;265.13;296.25;287.23;276.46;297.88;325.12;267.21;319.68;302.67;275.31;357.73;377.32;345.11;332.40;339.11;305.50;291.11;304.53;350.21
abr/01;291.49;302.44;339.96;412.70;328.35;331.72;330.45;300.32;266.20;299.42;288.10;284.22;297.98;327.45;268.09;320.83;302.99;275.79;357.79;378.00;345.16;332.76;342.52;308.00;293.24;307.56;350.43
mai/01;292.54;303.15;343.65;416.73;329.30;335.10;330.26;302.70;267.90;308.10;289.95;287.51;300.30;332.37;271.48;322.01;304.15;276.66;358.89;378.21;347.40;333.94;342.64;307.95;293.23;307.54;350.37
jun/01;296.65;304.40;345.29;419.12;329.73;340.93;332.71;306.07;270.34;308.35;292.16;288.37;301.59;344.06;272.49;322.43;306.79;286.86;371.20;386.29;348.22;336.18;343.99;315.52;298.49;319.25;361.06
jul/01;308.68;311.88;350.59;422.15;331.60;343.52;336.38;311.76;271.97;308.42;295.06;288.84;304.18;346.83;274.33;323.78;309.15;288.72;372.00;388.99;366.06;337.73;353.75;317.44;301.45;321.98;364.89
ago/01;311.28;314.78;364.18;425.04;332.27;348.04;346.07;312.44;273.03;309.99;295.72;290.57;306.18;347.05;275.23;326.69;312.12;290.45;372.56;389.67;367.89;339.05;354.87;320.44;310.38;325.67;367.93
set/01;314.60;314.84;364.43;425.95;333.89;348.17;346.58;315.32;274.22;311.55;296.84;290.96;308.54;350.87;277.69;329.09;315.02;293.08;377.92;393.58;369.87;341.54;355.86;322.91;316.16;327.31;368.94
out/01;316.92;320.30;367.17;430.06;336.46;348.96;348.58;315.66;275.23;312.74;298.02;293.07;319.13;352.09;279.03;331.00;316.55;293.81;379.22;396.61;372.23;344.83;357.93;324.16;320.44;330.22;369.11
nov/01;319.28;326.01;367.84;443.53;337.79;349.56;351.86;318.73;277.39;314.92;305.88;294.68;321.67;354.50;280.49;332.60;317.50;294.87;382.71;397.94;373.55;345.92;359.26;324.27;321.25;330.88;370.05
dez/01;321.35;329.68;372.11;445.45;345.85;350.39;356.05;321.21;285.54;316.78;306.61;296.09;324.10;354.67;282.11;334.19;331.09;295.55;384.20;398.38;374.58;347.15;359.58;328.19;323.34;333.33;370.79
jan/02;321.93;333.38;375.71;447.36;349.41;352.23;359.62;325.38;288.83;319.18;309.85;299.02;325.97;358.09;284.19;335.11;334.24;296.57;384.85;400.50;375.92;351.61;361.00;330.90;328.09;335.18;372.33
fev/02;322.59;334.70;376.16;447.48;352.17;353.57;362.42;328.66;289.34;320.33;310.10;300.44;327.09;359.56;291.04;336.09;336.04;296.86;386.46;401.22;377.81;353.00;362.07;332.79;328.99;338.02;372.70
mar/02;322.79;335.20;377.70;450.46;352.30;354.10;362.58;329.67;290.61;320.43;310.90;302.98;328.51;360.91;292.87;350.08;336.42;297.92;405.36;402.41;378.30;354.58;363.28;333.58;330.12;339.84;375.30
abr/02;323.63;338.20;379.73;453.97;352.75;354.71;366.15;333.75;292.17;333.24;314.15;304.97;329.01;361.07;296.79;351.59;337.23;299.04;405.76;402.99;378.64;355.45;363.38;334.14;331.70;340.94;376.94
mai/02;324.18;339.42;380.03;456.58;353.85;354.92;367.95;337.09;292.16;333.40;315.56;314.57;329.38;363.16;298.07;353.19;337.75;299.53;406.43;413.41;378.90;357.01;363.54;337.03;333.94;353.64;378.24
jun/02;324.24;340.65;380.18;457.46;355.36;356.19;370.88;339.36;292.52;334.88;317.27;319.33;330.03;377.03;302.49;354.87;338.54;308.77;407.26;422.16;381.64;364.56;363.60;345.74;335.51;356.52;404.53
jul/02;324.27;350.33;380.34;457.69;356.23;359.59;373.32;341.41;292.99;336.38;317.78;319.43;331.61;379.91;302.55;355.76;340.28;310.46;407.81;424.26;383.28;365.98;374.98;347.01;336.33;356.55;408.97
ago/02;325.92;355.04;389.97;458.18;356.87;366.14;375.84;350.45;295.59;340.03;320.59;322.56;333.25;382.59;305.24;357.34;341.98;311.60;408.82;428.48;385.49;366.99;378.53;349.96;338.45;356.92;409.78
set/02;339.04;361.63;398.02;461.01;367.70;367.98;392.35;351.66;298.95;341.64;325.30;330.13;335.22;382.95;307.79;359.73;344.54;312.77;409.21;431.68;405.48;369.86;381.08;354.06;353.56;361.75;416.00
out/02;345.27;363.67;404.31;479.17;371.26;368.53;393.84;355.10;302.34;344.98;327.71;332.85;339.85;386.99;309.16;363.86;347.52;314.53;412.77;433.78;406.12;371.14;386.06;355.30;363.16;366.46;420.13
nov/02;348.94;371.57;408.40;483.04;377.36;373.14;397.86;357.26;306.47;349.57;331.84;335.27;357.40;392.38;321.97;369.14;354.60;323.53;421.14;442.10;413.67;377.57;392.61;361.59;370.65;370.43;427.07
dez/02;359.83;382.56;416.40;494.32;386.81;382.70;408.40;366.19;316.60;360.03;349.33;355.11;366.00;405.53;332.79;378.49;377.80;333.41;429.84;451.16;424.38;389.75;404.50;374.30;378.41;380.22;434.47
jan/03;365.66;387.89;424.62;502.50;391.16;388.16;415.31;381.71;330.79;364.01;358.28;362.26;373.65;409.96;338.47;384.68;386.55;341.12;434.54;457.57;433.05;398.62;412.75;385.14;385.18;389.84;443.60
fev/03;373.17;391.91;427.53;503.89;397.13;391.38;419.58;389.09;338.47;368.84;363.97;366.90;377.75;414.78;342.81;390.02;392.39;345.47;441.29;462.25;435.54;402.25;419.11;390.88;388.45;392.99;449.31
mar/03;374.31;396.07;429.48;506.39;404.68;393.56;424.58;392.98;340.04;372.82;368.82;372.33;379.80;418.79;345.46;417.28;393.11;348.79;445.77;466.14;436.72;404.06;421.14;395.29;388.82;396.20;450.18
abr/03;376.95;401.42;432.72;508.67;405.83;397.79;425.99;398.71;346.24;374.17;375.25;374.77;381.91;421.32;354.75;418.89;396.18;352.23;475.57;470.45;440.37;409.81;425.40;397.73;393.15;398.34;452.90
mai/03;378.88;419.98;433.88;517.29;409.23;398.74;431.57;399.29;352.38;388.77;377.18;380.85;384.48;423.32;356.75;420.39;397.94;358.95;478.56;495.04;442.92;411.96;427.61;401.02;394.71;401.54;482.28
jun/03;398.31;420.64;434.05;520.41;409.60;407.04;435.48;402.36;354.80;389.16;378.32;384.27;387.87;440.05;357.27;420.98;400.49;376.83;483.44;501.47;444.55;441.09;438.07;426.67;395.75;426.82;487.41
jul/03;398.34;423.11;453.59;521.52;410.86;407.53;457.02;404.43;355.70;390.93;380.28;386.67;388.31;441.94;372.23;421.94;401.79;378.74;484.71;504.91;470.23;444.00;441.50;429.10;397.64;426.98;490.66
ago/03;401.01;425.15;454.55;521.68;411.70;409.58;460.63;414.36;360.43;393.86;380.58;386.83;388.88;442.06;372.83;423.43;404.61;379.62;494.88;514.65;472.78;448.63;443.95;431.70;400.66;427.96;491.98
set/03;401.74;425.90;455.94;539.45;412.43;409.88;461.45;417.65;360.85;395.29;381.39;387.72;389.71;442.46;374.36;424.08;405.87;385.67;498.15;516.73;472.90;449.90;446.06;434.21;407.02;430.89;495.20
out/03;403.12;429.28;456.06;539.77;424.82;412.22;461.58;421.97;363.07;395.44;382.55;390.77;391.96;442.76;375.10;424.68;406.18;386.81;499.85;519.23;473.01;450.83;458.51;434.43;419.14;432.99;495.94
nov/03;404.58;429.75;457.90;543.51;431.53;414.79;470.08;423.65;365.22;405.99;396.56;392.07;409.49;448.81;375.83;424.91;433.63;387.59;500.70;520.07;473.29;450.98;458.86;437.57;420.81;433.59;496.97
dez/03;405.49;431.03;461.47;545.12;433.07;422.46;473.94;424.87;367.32;407.53;398.08;394.65;410.49;449.96;376.91;427.17;435.36;388.73;501.75;521.90;474.99;452.08;459.55;438.89;423.29;434.66;499.56
jan/04;409.36;433.24;461.78;547.48;437.28;424.16;476.84;433.61;377.91;408.03;399.45;395.60;411.78;450.99;378.35;427.93;437.30;393.42;503.90;523.59;477.00;453.79;463.70;440.43;427.78;436.27;500.35
fev/04;410.67;433.82;470.38;548.63;438.27;425.35;477.45;435.22;380.22;409.66;402.27;396.73;414.71;452.76;380.70;447.82;438.83;395.27;507.19;526.37;479.38;455.95;467.41;442.17;430.25;437.42;500.89
mar/04;412.78;435.88;471.75;553.61;441.64;427.58;479.14;436.45;380.46;412.01;405.80;399.18;417.23;454.39;383.59;451.10;440.19;398.24;530.17;527.64;480.74;459.44;475.16;444.76;437.24;439.73;502.08
abr/04;416.40;437.59;476.22;554.53;443.98;429.14;480.45;436.95;381.42;412.88;408.79;401.03;422.32;455.78;385.82;454.77;443.65;401.47;534.41;529.62;482.91;463.41;478.58;447.65;438.34;441.50;503.53
mai/04;428.32;439.96;477.72;555.72;446.33;429.94;482.10;437.74;382.62;415.71;414.01;418.74;425.77;459.14;391.23;457.17;448.92;408.28;536.04;542.47;485.07;473.24;481.86;461.53;442.21;455.52;516.21
jun/04;433.31;442.00;481.65;558.76;450.03;433.14;484.58;440.73;386.94;416.96;418.81;419.31;430.00;461.81;393.93;459.17;453.54;413.47;538.81;547.16;486.11;476.63;485.03;464.87;443.05;462.22;519.74
jul/04;434.91;453.49;483.95;564.06;453.09;435.53;487.60;442.15;389.67;421.02;424.15;420.30;432.55;473.46;398.51;460.66;455.11;418.90;541.53;552.25;499.23;479.72;491.51;467.41;457.46;465.21;524.04
ago/04;438.03;455.28;485.15;564.90;454.69;439.47;491.08;446.97;392.89;425.44;426.12;425.91;439.59;478.14;402.94;466.44;461.36;422.28;547.00;558.86;503.14;485.11;498.29;471.72;461.24;468.28;526.87
set/04;440.10;456.28;487.83;567.13;456.10;441.28;495.73;451.06;395.59;428.40;430.10;429.52;443.28;482.21;415.48;469.48;463.10;425.75;549.98;562.23;505.96;488.69;503.22;475.48;466.62;472.34;531.32
out/04;443.39;457.22;494.28;584.21;460.24;443.52;505.33;453.43;396.72;431.24;433.97;430.87;447.13;487.38;421.23;476.63;466.28;429.42;552.69;565.23;509.96;493.55;507.43;478.03;467.52;473.92;534.48
nov/04;445.70;459.07;497.81;592.45;462.43;447.42;511.13;456.83;401.29;444.65;446.59;438.79;466.72;496.64;426.00;481.33;468.29;435.08;556.47;570.68;513.22;498.61;510.12;479.87;471.04;475.94;537.66
dez/04;446.19;461.80;501.14;598.06;469.53;451.81;514.23;462.34;408.51;449.33;450.56;448.11;470.84;501.31;429.90;484.24;488.41;437.82;559.38;573.70;518.08;502.07;514.75;485.22;475.46;478.59;544.69
jan/05;447.55;466.46;516.84;602.66;478.52;466.14;517.58;477.88;417.20;452.58;456.59;462.76;471.62;502.65;430.89;485.33;490.06;439.57;562.00;576.53;520.02;507.00;516.06;488.19;480.68;481.80;546.10
fev/05;448.55;468.58;520.39;608.31;479.38;484.47;520.99;482.52;420.91;457.05;457.06;465.50;475.61;502.94;435.10;503.59;491.25;441.54;562.60;576.94;523.43;512.22;520.26;489.62;483.15;482.55;547.26
mar/05;452.61;471.61;521.79;615.19;481.94;490.09;524.17;482.62;422.79;457.28;460.41;469.56;478.42;503.50;437.67;505.31;494.01;447.12;565.04;580.04;525.64;514.14;524.18;490.11;484.14;483.03;547.60
abr/05;456.07;474.04;523.99;619.61;483.70;491.24;525.31;484.05;424.82;458.52;461.34;471.04;479.78;505.05;440.52;508.71;498.22;451.60;592.67;582.56;528.43;515.44;529.21;492.77;485.39;483.92;549.10
mai/05;459.84;495.17;526.38;629.24;487.18;496.94;527.58;485.40;429.79;459.46;465.47;474.36;481.12;509.95;443.90;511.12;502.42;456.73;596.89;600.22;532.11;523.49;531.90;515.81;487.36;497.87;564.52
jun/05;478.95;495.98;531.62;640.29;488.29;498.26;530.11;488.50;431.57;466.71;466.50;474.85;483.07;522.71;445.60;512.21;503.57;468.67;597.58;602.13;550.11;525.68;535.47;517.77;487.63;499.88;566.34
jul/05;479.60;497.10;546.71;640.96;489.19;498.83;530.89;491.44;432.71;468.61;469.02;475.69;484.96;525.69;448.20;517.43;504.74;469.29;600.47;603.87;551.14;527.81;542.40;518.24;498.44;501.24;567.68
ago/05;480.06;499.60;547.76;644.43;491.03;500.31;549.63;494.63;432.93;470.11;470.14;476.61;485.65;526.44;459.85;518.06;505.10;470.80;601.45;606.88;552.04;530.14;542.96;520.21;500.77;502.32;568.78
set/05;480.48;501.46;549.81;646.25;491.63;500.41;550.02;496.28;434.76;470.86;472.35;477.05;486.25;528.12;460.09;518.86;506.45;472.69;601.51;607.32;552.55;530.92;543.25;521.10;501.44;503.26;569.45
out/05;481.32;505.32;551.51;648.62;502.59;501.23;551.33;497.16;437.37;474.07;473.31;477.81;487.49;528.49;460.71;520.64;506.78;473.02;601.85;607.99;554.19;534.64;543.57;522.38;502.76;503.73;570.15
nov/05;482.35;507.95;556.24;654.44;503.87;502.65;551.79;499.64;439.05;475.83;485.62;478.59;488.62;532.29;461.01;521.23;508.54;473.23;602.62;608.54;554.88;534.84;546.51;523.29;503.99;504.22;570.43
dez/05;483.53;508.29;557.95;656.22;506.81;512.96;554.05;500.67;441.42;477.98;486.15;479.54;501.22;535.18;462.07;522.75;521.17;474.07;602.69;609.30;555.35;535.18;547.14;523.38;504.57;505.66;572.05
jan/06;484.81;508.89;559.42;657.47;509.93;518.35;554.66;516.97;458.97;480.98;490.52;480.12;502.08;535.91;468.37;525.00;525.04;474.56;603.04;611.07;555.75;536.15;547.46;524.40;506.80;506.32;572.74
fev/06;484.97;509.55;559.79;659.09;514.86;519.51;555.84;518.08;459.65;482.48;490.87;480.58;502.44;536.76;469.68;535.00;525.50;475.13;603.44;611.94;557.04;537.09;548.80;525.16;507.84;507.06;574.07
mar/06;486.36;510.88;561.22;660.98;515.96;520.47;556.88;519.22;460.24;483.32;492.05;481.74;503.57;537.76;470.78;536.67;526.42;475.59;605.13;612.74;558.32;537.93;550.01;526.14;509.08;507.84;575.59
abr/06;486.86;510.93;561.59;661.84;516.57;521.47;557.65;519.93;460.65;493.72;492.41;482.27;504.12;537.85;471.32;540.57;526.96;476.08;624.29;613.38;558.71;537.93;550.23;526.29;509.49;508.25;576.31
mai/06;490.76;517.09;563.14;662.85;521.62;524.45;558.27;523.42;467.62;497.05;496.67;500.66;505.16;555.02;491.97;543.11;528.31;494.48;625.19;627.50;560.39;548.83;552.03;527.82;512.70;510.60;587.92
jun/06;497.18;518.18;565.98;664.67;522.83;526.08;560.03;525.68;469.79;499.20;498.27;501.44;506.40;557.27;494.21;545.74;529.27;495.28;628.32;629.85;560.76;549.94;563.33;533.79;514.47;522.43;589.20
jul/06;498.86;519.97;579.66;666.05;524.03;527.65;561.32;527.45;472.00;500.22;499.36;502.48;508.22;560.17;496.64;547.39;530.48;495.76;629.29;631.44;571.70;551.41;564.96;534.94;515.69;524.25;590.13
ago/06;499.94;540.36;581.44;666.71;526.46;529.24;563.00;528.60;472.90;503.12;500.42;503.46;509.46;561.22;497.87;548.32;530.77;496.65;630.61;632.31;573.23;552.10;566.79;536.81;527.54;526.16;591.83
set/06;501.92;542.68;583.11;669.04;537.07;530.75;565.31;530.59;475.34;505.13;501.18;505.06;511.17;562.74;500.17;549.73;531.28;497.69;631.69;632.78;573.42;553.10;567.48;537.77;529.28;527.34;592.64
out/06;503.63;543.49;585.09;670.15;539.61;531.74;567.44;533.31;476.69;506.35;502.06;506.19;513.91;565.24;501.77;551.58;532.83;498.47;633.23;633.12;573.51;553.55;569.28;539.02;531.52;528.55;593.89
nov/06;504.98;546.66;585.66;672.65;540.96;533.17;568.50;535.19;478.73;507.46;510.66;507.69;524.28;566.73;503.08;553.36;534.97;499.45;634.78;635.05;574.02;553.88;569.76;540.45;533.79;529.36;594.75
dez/06;506.01;548.06;587.06;684.90;541.24;561.69;571.03;537.46;481.41;508.79;512.23;509.11;527.24;568.10;503.89;555.57;548.89;500.59;636.64;635.83;574.20;554.22;570.00;542.33;536.47;530.38;595.61
jan/07;507.17;550.38;588.86;688.55;543.60;565.87;580.62;550.30;485.13;511.28;514.38;511.77;528.42;569.48;504.90;556.78;549.88;501.31;636.91;636.65;574.47;554.28;571.55;544.02;537.51;531.86;596.37
fev/07;521.17;551.11;592.25;688.94;546.35;566.37;582.53;551.78;498.00;513.80;515.98;513.25;531.00;572.24;507.32;559.03;551.78;502.67;638.57;638.90;574.94;556.10;573.74;545.17;538.94;534.13;597.82
mar/07;522.17;553.79;592.70;689.22;546.86;568.15;583.90;553.24;501.37;517.22;517.99;514.12;531.57;573.36;510.42;574.93;553.49;503.76;656.76;640.06;576.51;557.60;575.08;547.32;540.25;535.59;598.28
abr/07;523.99;554.35;593.62;690.08;549.59;568.66;585.08;553.89;502.59;539.66;519.25;534.09;533.88;575.62;512.20;576.34;554.55;506.51;658.35;640.52;577.15;557.87;575.28;548.84;541.42;535.89;599.00
mai/07;527.18;556.99;594.69;690.48;550.65;569.34;586.97;554.84;506.14;541.05;523.69;537.07;535.69;588.89;533.97;577.95;556.02;520.46;659.08;651.27;579.98;574.66;576.21;551.54;547.02;536.80;608.80
jun/07;530.17;560.19;597.72;690.94;551.65;571.00;589.30;555.16;508.24;542.84;524.74;540.16;536.75;591.92;538.93;581.11;557.33;521.76;660.22;653.94;581.04;575.64;586.66;567.66;552.24;546.22;610.53
jul/07;531.27;585.52;610.41;691.70;553.55;572.51;590.71;558.13;512.33;544.04;527.23;543.91;539.12;593.05;539.94;581.97;557.87;523.11;661.12;654.61;595.37;577.07;588.49;572.20;553.04;547.47;614.75
ago/07;532.00;586.47;610.91;692.86;554.66;574.91;594.19;559.37;514.07;544.96;528.38;544.72;542.28;594.10;540.72;583.25;559.39;524.71;662.22;656.04;596.15;580.16;588.65;573.45;567.91;548.54;617.04
set/07;533.78;591.73;615.42;693.71;571.57;577.82;597.62;559.43;518.38;547.09;529.30;545.97;544.58;598.26;541.33;585.78;560.77;527.81;664.84;658.32;596.56;582.42;589.29;576.34;570.29;550.88;619.36
out/07;539.60;595.29;617.44;694.90;572.77;580.43;600.12;560.64;521.67;549.56;529.99;548.00;555.89;598.41;541.88;589.18;562.50;529.50;666.45;660.59;598.02;584.58;590.14;578.24;575.39;555.19;622.42
nov/07;544.77;596.15;623.08;696.36;574.47;583.38;608.05;571.11;523.50;552.25;545.16;549.50;558.78;600.98;544.01;590.60;564.76;531.57;668.07;663.23;599.47;587.73;590.85;581.36;579.77;559.72;624.70
dez/07;549.84;599.72;626.36;700.34;579.24;586.75;621.38;589.16;526.18;554.89;546.51;550.34;559.40;602.07;545.47;591.19;589.93;533.89;670.78;664.74;601.30;591.48;593.29;582.13;580.45;562.59;626.08
jan/08;554.34;602.55;629.00;701.53;584.04;601.54;622.09;591.71;528.54;558.27;547.83;562.79;560.53;603.93;546.04;592.26;592.54;535.61;671.31;668.74;602.73;593.89;594.10;585.65;581.32;563.99;630.32
fev/08;554.80;603.19;629.56;703.23;589.23;605.66;622.52;593.25;548.72;561.59;547.96;565.86;563.50;605.63;548.27;596.06;595.90;536.86;671.84;671.54;603.24;596.95;596.96;586.24;581.60;564.39;631.87
mar/08;558.79;606.20;630.64;717.50;590.08;606.22;624.46;595.75;550.43;565.29;549.78;566.73;565.07;607.14;552.62;613.26;599.97;538.83;704.35;673.15;603.92;597.64;598.21;588.75;585.40;568.51;633.22
abr/08;562.01;609.73;632.18;721.82;591.77;607.55;624.91;596.77;550.95;565.93;551.56;570.78;568.44;608.80;554.41;614.60;601.32;540.52;709.00;675.13;608.08;602.06;600.60;590.77;587.07;571.07;635.39
mai/08;578.25;642.83;634.04;725.27;592.94;608.30;630.44;597.49;555.28;584.97;553.20;573.48;570.94;628.04;573.22;616.74;602.20;564.13;710.22;701.39;613.83;626.84;601.42;608.49;591.34;587.13;655.36
jun/08;586.02;654.59;639.12;728.09;600.25;611.08;635.35;599.32;561.02;587.49;556.47;576.37;576.49;635.10;576.29;619.52;605.84;566.97;716.85;708.30;643.81;633.43;625.24;614.78;597.81;593.59;660.59
jul/08;594.57;659.29;672.60;732.40;605.73;613.71;643.85;604.18;563.70;590.12;560.07;581.40;581.20;638.75;580.65;626.10;607.64;572.91;721.00;715.37;650.71;638.71;630.34;619.01;626.37;598.93;668.33
ago/08;601.98;669.01;682.93;739.22;613.06;617.56;676.01;612.14;569.72;598.12;566.05;588.59;589.24;645.15;586.85;633.27;614.28;582.76;726.69;724.16;659.97;644.03;642.70;628.08;634.02;608.06;675.23
set/08;613.19;679.09;694.31;747.07;618.73;625.42;683.84;622.38;580.04;605.95;576.98;596.00;598.21;652.77;592.76;640.91;627.73;588.95;734.74;732.02;666.67;651.17;649.20;636.12;641.82;616.65;686.64
out/08;623.64;683.86;704.11;749.65;644.91;629.03;692.15;632.23;587.63;612.38;583.49;602.73;604.79;658.64;600.70;647.36;631.14;594.99;740.70;738.54;670.07;656.65;651.77;640.56;645.16;619.94;690.92
nov/08;630.91;687.53;705.50;773.92;653.22;634.43;697.70;638.78;590.18;615.78;602.24;611.35;631.31;663.33;603.46;650.30;633.94;598.35;743.55;742.93;674.28;662.26;653.74;646.25;648.96;626.23;697.76
dez/08;633.76;688.47;707.27;774.08;655.61;660.85;700.58;643.49;614.87;617.35;604.83;614.73;633.33;663.89;603.86;651.50;647.82;600.70;745.83;746.96;675.12;665.62;659.99;646.91;649.62;626.50;701.60
jan/09;634.61;693.86;711.02;775.68;656.75;662.40;701.78;663.29;615.37;617.59;606.07;617.50;637.09;665.13;605.75;653.13;650.81;603.45;748.23;748.39;680.82;667.75;662.27;649.65;652.14;628.67;705.13
fev/09;635.96;695.73;714.22;777.55;664.10;666.78;702.26;664.08;616.86;618.44;607.07;619.17;639.76;666.23;606.84;656.66;656.58;606.54;750.11;749.80;681.51;668.47;663.66;652.00;652.43;629.86;705.81
mar/09;638.48;700.88;720.51;781.07;665.67;669.00;703.37;665.98;620.29;621.86;608.48;649.69;641.24;672.02;612.64;680.49;659.21;608.51;780.86;752.42;682.25;671.36;665.61;653.27;656.64;630.94;710.66
abr/09;641.49;702.02;723.27;782.90;666.09;669.10;704.67;666.80;620.87;642.38;609.21;651.29;641.76;673.96;615.29;681.03;660.37;610.06;784.57;753.99;683.04;672.60;666.30;654.38;657.28;632.25;711.14
mai/09;652.29;741.42;723.90;785.25;666.45;669.98;705.66;670.39;622.17;643.73;609.92;653.63;642.60;681.16;615.83;681.87;662.73;631.17;787.34;777.91;683.05;695.21;666.79;677.16;658.37;643.16;724.22
jun/09;654.04;745.01;724.33;785.88;667.62;670.41;705.93;672.12;623.73;645.02;610.07;655.30;642.89;683.52;616.36;682.21;663.29;631.89;787.77;778.67;684.74;695.46;684.04;678.74;683.07;644.68;726.82
jul/09;655.23;747.69;747.41;787.40;669.03;671.34;707.81;677.91;624.46;646.96;610.64;658.66;647.57;684.38;617.64;683.12;663.94;634.18;788.28;779.81;712.43;696.31;684.94;680.17;683.28;646.23;728.50
ago/09;657.31;748.48;750.89;788.30;672.61;672.86;710.59;679.14;625.07;649.61;611.02;659.92;647.96;684.89;635.83;683.46;664.03;635.30;789.31;780.82;712.55;697.04;685.40;681.58;688.32;649.29;729.78
set/09;659.54;750.33;752.42;789.65;674.18;674.29;712.13;681.85;629.19;652.75;611.10;661.69;650.54;686.95;636.49;684.61;664.76;637.13;789.81;782.26;713.75;698.43;686.31;682.28;689.14;650.31;731.77
out/09;660.22;751.00;754.10;810.55;694.83;674.72;713.63;685.59;631.76;654.39;611.72;662.82;671.48;688.96;637.36;685.11;665.14;638.66;790.38;782.55;714.21;699.49;686.87;682.73;689.75;653.17;734.35
nov/09;661.36;753.34;754.63;810.97;697.00;676.28;728.94;689.10;633.96;655.76;636.40;664.09;672.10;690.44;640.87;686.18;666.30;639.34;792.06;785.85;714.51;700.42;687.90;687.80;690.60;654.45;737.43
dez/09;662.91;754.85;755.66;813.15;698.31;679.11;732.06;693.51;637.91;658.20;638.02;665.88;673.16;693.82;641.21;686.83;687.18;640.38;793.34;788.89;715.68;702.14;689.75;689.63;691.70;658.88;740.75
jan/10;667.30;760.51;760.81;814.85;699.84;701.50;738.66;700.09;669.08;664.58;642.63;670.24;673.77;698.39;647.37;688.41;688.72;641.65;794.56;790.64;716.83;704.22;692.78;693.12;692.64;664.09;741.91
fev/10;738.32;761.54;761.41;815.37;706.19;703.30;740.54;722.81;673.78;669.09;644.44;672.81;675.28;699.96;649.22;690.28;690.28;643.69;796.22;791.51;717.60;704.69;693.52;694.29;693.38;666.14;742.60
mar/10;742.16;765.25;764.45;816.08;708.92;707.02;742.06;728.24;676.06;672.10;646.38;674.66;675.64;702.01;651.68;715.25;690.95;644.59;826.30;793.15;718.62;705.79;696.35;697.64;694.75;672.44;744.20
abr/10;748.90;767.75;767.88;816.72;710.89;707.90;747.28;730.49;679.71;673.95;647.53;676.16;676.02;703.12;653.11;716.13;692.47;645.72;829.11;795.80;718.94;706.76;702.24;725.17;695.78;678.07;748.57
mai/10;757.28;771.80;769.71;817.32;712.64;709.14;749.48;730.76;680.72;697.90;648.63;678.91;677.15;708.21;671.44;717.12;696.96;649.94;831.58;824.34;720.06;736.67;703.65;727.91;697.98;708.20;768.48
jun/10;760.29;779.05;772.22;818.65;716.77;710.76;751.85;732.35;684.59;701.48;649.75;707.39;680.23;724.95;675.96;718.47;701.98;655.04;833.54;829.52;722.19;739.92;716.88;730.54;703.62;711.83;770.75
jul/10;764.51;810.31;774.76;820.02;718.94;712.67;758.02;734.17;685.29;704.94;651.07;711.50;681.73;730.20;679.01;720.28;702.79;661.38;835.95;831.33;757.53;741.95;719.30;737.59;750.41;713.48;776.08
ago/10;767.58;812.60;793.44;820.34;720.27;713.00;760.33;735.57;688.81;705.57;651.97;714.58;682.21;732.65;680.64;721.60;705.31;676.45;836.80;832.79;758.57;745.21;719.99;741.96;753.67;716.81;779.02
set/10;774.05;813.43;796.95;839.22;748.59;714.15;766.33;737.51;689.65;706.74;653.25;716.16;683.24;735.20;682.67;723.15;707.70;677.62;839.45;834.55;759.58;746.72;721.32;742.25;754.46;718.85;779.78
out/10;779.19;815.82;800.92;839.55;752.54;716.08;770.03;744.47;692.04;709.06;686.08;718.07;713.39;736.74;684.01;724.09;708.63;680.29;841.59;836.52;760.35;750.11;724.53;743.44;756.36;720.65;782.80
nov/10;783.54;820.21;802.37;843.59;753.89;717.73;771.90;749.20;696.00;715.73;688.22;719.82;714.14;739.11;685.98;726.99;743.85;681.65;843.02;838.66;761.14;751.07;726.98;745.81;758.22;721.59;787.64
dez/10;784.18;822.20;804.81;844.39;755.54;721.14;774.01;750.36;699.99;718.38;690.97;721.08;715.70;744.54;688.51;729.90;744.60;683.33;845.31;840.62;762.70;754.63;729.31;747.41;758.92;721.95;794.72
jan/11;785.26;825.66;805.59;845.15;756.84;721.82;797.23;752.94;729.32;719.22;693.33;722.79;717.31;745.10;689.21;731.05;745.59;684.41;846.96;842.02;763.72;756.13;729.97;748.39;759.25;725.32;795.97
fev/11;786.07;829.63;809.33;846.60;759.42;723.61;798.89;788.99;731.66;720.25;694.64;724.80;719.76;746.62;689.47;733.03;745.93;684.96;849.58;842.70;764.70;757.51;733.28;752.43;759.44;727.79;796.95
mar/11;787.65;834.75;809.52;846.70;760.02;725.73;799.55;789.02;733.49;719.89;695.75;725.32;721.58;748.85;692.95;734.09;746.52;685.18;891.42;843.34;767.58;758.80;735.56;753.98;760.38;728.69;798.01
abr/11;791.48;835.56;811.66;847.86;761.70;727.68;801.15;793.34;734.31;721.39;698.67;726.95;723.37;752.70;693.62;760.33;747.08;685.38;894.95;844.11;767.71;760.38;737.05;756.57;761.55;731.38;801.31
mai/11;819.80;837.51;814.00;847.85;762.93;732.30;801.32;795.60;734.78;743.21;699.42;763.16;723.52;752.68;724.21;761.39;750.14;685.67;898.43;870.19;770.51;791.69;742.34;795.67;763.52;766.84;829.84
jun/11;822.72;841.08;816.33;847.90;763.38;732.89;804.54;807.61;735.80;743.56;699.89;764.58;725.23;771.81;727.21;762.84;750.92;702.89;898.87;873.27;774.47;793.46;770.80;800.45;803.68;768.65;830.30
jul/11;823.72;873.36;844.82;849.87;764.52;733.35;804.84;811.62;736.66;744.41;699.89;766.64;725.20;771.94;727.42;764.30;751.32;702.90;898.85;876.34;814.90;794.58;770.85;800.45;805.30;769.89;832.42
ago/11;824.83;874.21;844.95;851.93;766.27;733.90;805.67;812.26;737.00;745.56;701.64;767.43;725.54;773.12;728.17;764.32;751.84;705.84;899.06;879.15;814.96;796.14;772.23;801.42;805.89;770.15;834.43
set/11;827.16;876.53;845.78;852.54;767.60;737.85;806.26;813.14;741.83;745.84;704.02;773.63;726.43;773.25;729.05;764.80;752.88;707.20;900.38;881.16;815.74;798.79;773.57;803.18;806.44;772.45;840.61
out/11;827.26;880.16;846.33;879.12;799.21;742.59;807.72;816.69;742.23;747.04;704.73;778.75;727.54;774.92;730.26;766.90;753.62;708.13;903.52;881.27;819.31;798.83;775.14;803.27;816.01;774.93;842.84
nov/11;829.64;881.18;847.51;882.88;799.50;743.32;807.83;818.77;743.36;748.35;733.86;776.33;756.60;775.33;731.07;767.77;753.59;708.30;903.67;881.34;819.94;798.85;775.89;803.90;817.06;774.98;867.35
dez/11;830.01;881.13;847.60;882.95;799.32;751.05;808.85;820.36;743.43;749.58;733.87;776.44;757.40;775.83;731.59;769.43;754.13;708.40;905.51;882.01;821.59;800.99;776.23;806.82;817.06;776.12;869.05
jan/12;874.63;881.20;848.29;884.31;801.59;789.68;808.86;820.67;744.03;753.18;733.85;776.98;757.87;777.13;733.79;771.60;779.98;709.47;907.71;885.26;821.75;801.86;776.54;807.84;817.90;776.31;869.27
fev/12;880.08;887.56;848.83;890.26;804.75;793.52;818.38;821.13;767.45;757.52;734.05;780.38;758.32;781.25;738.91;773.60;781.40;713.44;910.55;886.42;825.15;804.01;778.70;808.62;818.55;781.96;871.48
mar/12;880.77;887.73;851.40;891.75;805.56;793.55;848.25;823.53;768.95;758.16;734.79;781.46;758.82;785.10;738.96;781.10;784.00;714.35;910.73;887.44;830.26;806.24;788.85;811.60;818.80;784.19;871.88
abr/12;882.69;888.99;851.96;894.65;805.79;794.31;850.08;831.38;770.17;759.37;735.51;782.81;762.28;787.92;760.96;792.99;784.11;715.45;950.20;887.94;833.90;807.35;789.80;811.58;818.82;785.30;872.45
mai/12;888.93;891.22;855.84;897.24;806.25;794.71;851.06;831.66;768.57;759.59;735.77;783.93;763.89;790.29;761.78;793.26;786.63;717.83;951.85;910.86;838.78;809.87;792.12;811.80;818.95;787.24;872.48
jun/12;890.01;891.31;859.55;904.11;808.40;794.95;852.99;831.72;769.81;782.65;736.51;785.66;765.13;808.30;763.30;793.67;787.49;732.63;952.72;913.81;841.84;858.80;793.63;830.42;822.58;790.26;904.80
jul/12;891.16;892.43;859.82;907.23;809.78;796.45;851.71;832.95;773.69;780.81;738.29;785.96;764.83;808.27;763.45;797.58;788.91;733.60;952.81;915.25;862.84;863.19;794.86;832.62;823.82;790.52;905.76
ago/12;894.22;934.13;883.44;910.76;813.81;809.92;870.39;834.42;773.56;782.25;738.45;825.33;758.45;810.26;763.50;798.73;788.43;737.32;951.86;917.03;893.07;868.24;798.39;835.54;866.38;829.06;906.32
set/12;899.70;934.45;881.73;910.87;813.08;814.09;875.86;857.39;772.84;782.48;737.79;826.22;758.92;809.28;763.09;799.01;787.64;737.20;955.65;918.13;896.75;870.20;802.21;835.93;877.80;828.70;901.52
out/12;905.32;940.03;884.50;910.32;846.91;818.39;874.87;858.30;774.84;786.66;736.84;831.26;760.00;810.41;763.28;800.51;787.69;755.72;959.84;918.51;895.56;873.83;802.37;839.27;880.24;829.49;901.63
nov/12;906.07;945.79;883.37;941.25;846.14;820.72;874.14;861.00;776.96;788.65;737.40;833.36;763.56;809.35;763.90;800.36;790.23;766.22;962.44;921.53;896.39;874.12;802.76;841.68;878.97;830.74;903.06
dez/12;910.69;948.68;884.96;940.69;849.22;821.88;877.42;872.01;777.31;789.67;765.59;833.50;788.22;809.13;764.91;802.21;790.36;767.85;965.60;922.37;897.12;882.50;803.79;845.74;882.54;829.28;905.97
jan/13;915.27;949.57;886.14;941.58;852.32;851.79;878.90;876.16;779.56;790.86;765.28;834.68;788.17;810.45;766.61;801.88;790.55;771.96;969.09;923.77;897.80;883.97;806.27;846.64;883.30;830.73;908.24
fev/13;918.87;954.12;888.32;943.51;853.20;853.13;883.58;876.60;779.64;793.65;766.61;836.25;788.81;811.03;776.16;805.49;830.08;772.99;974.74;924.12;898.26;885.31;817.77;851.92;884.74;831.36;908.80
mar/13;950.67;953.77;884.11;945.88;854.63;850.91;886.13;878.47;809.39;793.62;766.79;836.77;790.90;812.40;778.75;803.73;831.01;771.66;975.31;924.21;905.38;886.33;826.32;852.56;883.47;831.04;908.10
abr/13;957.59;961.38;886.65;945.95;852.96;852.24;889.63;877.94;812.80;795.20;769.29;838.21;791.79;813.03;779.99;831.72;830.83;772.67;1013.80;924.53;905.44;886.47;826.56;857.03;885.35;836.43;909.54
mai/13;906.34;906.39;833.56;892.68;802.56;805.24;863.93;826.66;771.33;755.78;723.14;827.36;746.71;789.25;751.16;780.80;781.03;746.39;952.66;888.80;846.56;861.62;785.62;811.44;836.67;789.73;859.35
jun/13;963.81;990.15;882.31;950.79;850.74;853.12;938.00;872.49;820.90;821.66;771.46;877.16;792.95;842.60;804.77;833.58;838.60;806.57;1026.58;975.47;908.91;948.20;863.26;861.15;891.20;846.71;944.76
jul/13;908.58;933.09;830.19;893.95;799.17;801.99;879.56;823.91;774.89;780.95;727.68;825.43;747.19;791.43;757.34;779.00;784.75;767.44;955.00;906.45;848.95;885.53;815.63;818.12;840.27;837.61;889.51
ago/13;904.71;932.65;859.00;894.15;800.20;805.94;878.93;820.47;783.73;785.86;730.26;829.72;751.37;791.03;755.98;781.54;785.30;765.46;955.64;910.28;888.14;885.76;811.99;850.41;839.52;837.58;888.96
set/13;910.84;937.50;861.51;897.75;832.54;807.85;881.56;830.49;791.35;792.04;737.09;833.74;756.10;792.83;756.78;781.06;786.25;767.85;961.68;912.85;893.84;889.24;814.93;855.14;839.91;838.23;894.85
out/13;916.09;943.58;866.92;926.89;839.83;815.65;892.25;836.89;788.92;798.39;737.90;836.48;759.37;792.25;759.15;786.99;785.94;772.15;965.16;913.02;893.67;894.28;815.63;856.38;879.53;841.72;894.19
nov/13;916.10;945.53;867.62;927.66;842.57;825.96;892.03;855.89;793.03;802.20;771.73;835.12;760.26;795.06;759.76;789.99;789.45;770.73;964.53;918.91;891.92;898.77;812.39;856.37;879.23;843.10;894.83
dez/13;920.48;950.89;871.99;930.11;846.40;830.83;895.32;860.32;831.32;801.94;773.67;835.54;791.20;794.33;764.04;792.28;817.02;771.93;965.97;923.74;892.81;900.84;815.88;857.45;883.72;843.23;895.78
jan/14;919.26;954.27;875.63;936.38;850.73;859.42;908.70;861.59;831.49;805.76;781.22;836.51;794.88;798.13;774.32;799.27;821.21;774.83;969.93;927.63;893.94;909.40;816.75;855.33;879.21;851.38;898.41
fev/14;947.28;958.60;879.92;941.68;859.45;860.78;910.20;864.63;831.64;809.07;782.13;840.11;798.27;799.02;779.05;802.42;824.25;779.75;976.95;932.20;893.90;911.19;822.04;860.62;882.15;855.07;897.80
mar/14;949.84;962.83;881.48;941.57;864.12;884.67;912.62;869.41;835.92;813.00;784.36;841.96;800.59;801.82;779.29;811.08;829.45;788.55;988.12;938.57;897.27;916.23;827.36;864.37;884.65;858.19;899.95
abr/14;953.35;964.38;883.35;941.75;862.76;884.85;912.64;869.69;837.45;816.42;785.50;846.10;808.77;803.35;779.85;832.87;830.91;793.61;990.45;939.85;902.57;916.62;831.80;866.40;886.08;862.27;900.20
mai/14;959.77;964.53;884.89;948.89;863.53;888.38;916.57;863.90;838.58;815.74;787.88;874.14;813.75;801.78;802.51;834.21;831.26;794.97;1034.67;964.80;901.54;916.88;836.97;871.30;890.04;864.36;901.31
jun/14;965.54;960.72;886.00;952.56;864.27;889.67;946.19;863.82;840.62;818.78;791.72;876.19;816.58;805.32;803.94;835.08;831.62;825.36;1034.97;976.48;901.50;944.28;840.25;902.61;891.17;868.13;905.41
jul/14;971.43;1002.88;886.54;953.76;865.19;894.20;946.00;863.66;841.03;842.36;789.65;880.44;817.89;815.80;804.31;833.31;838.66;824.63;1034.70;976.90;907.96;947.04;872.82;904.71;891.04;868.70;951.73
ago/14;972.97;1004.24;910.42;958.04;867.80;895.09;942.57;861.77;842.09;839.28;786.97;882.15;824.79;816.68;802.93;835.09;840.54;824.22;1036.04;978.36;926.67;940.79;874.16;907.11;933.87;898.69;955.45
set/14;973.22;1004.62;907.71;959.75;869.23;895.40;948.54;866.37;844.44;842.20;789.52;888.76;823.97;815.94;805.85;834.99;840.05;823.33;1039.36;980.09;925.94;949.50;875.54;906.56;933.61;899.28;958.83
out/14;973.92;1012.34;908.37;999.47;894.82;893.20;956.89;868.07;847.14;843.29;786.64;894.63;824.43;820.30;807.17;837.05;843.94;825.75;1042.91;980.26;926.98;954.50;878.33;908.36;931.85;894.36;959.98
nov/14;974.40;1016.10;909.94;996.06;893.59;899.96;958.86;863.77;851.73;843.12;790.55;900.69;857.23;827.30;807.59;837.68;839.14;830.61;1041.37;979.72;932.13;958.06;875.23;907.24;929.95;897.79;962.09
dez/14;974.13;1018.30;915.87;998.35;893.93;892.94;953.45;869.62;879.20;844.93;818.89;899.59;854.88;835.42;804.51;841.52;870.58;836.52;1044.48;978.13;933.35;966.49;879.10;905.66;933.62;905.88;962.44
jan/15;977.99;1018.64;919.70;1001.54;899.76;933.32;952.79;869.41;878.50;844.43;819.32;900.33;857.46;838.60;809.99;841.82;872.03;837.48;1046.63;980.30;932.69;975.45;878.82;906.19;933.62;907.16;964.58
fev/15;977.38;1016.88;919.43;1001.39;902.64;934.96;959.97;868.70;880.63;848.49;820.27;905.71;854.07;844.96;819.03;847.28;871.97;838.63;1046.93;981.48;931.47;976.67;883.82;913.51;934.54;912.72;963.98
mar/15;976.19;1021.02;926.10;999.12;903.54;934.40;960.73;889.72;884.32;848.45;821.82;907.91;851.05;850.37;823.15;846.84;872.36;839.07;1047.04;981.41;933.97;983.60;897.46;914.33;933.81;914.92;964.50
abr/15;982.48;1021.03;931.17;995.45;901.15;935.32;971.23;891.91;891.04;854.63;822.47;906.23;848.94;849.14;828.24;874.88;873.43;841.91;1046.88;987.23;938.03;988.90;899.21;913.78;935.45;915.25;962.51
mai/15;1017.86;1021.04;935.94;995.28;900.52;933.59;969.58;891.64;893.74;858.57;822.81;908.09;847.20;851.49;836.24;876.69;878.25;842.18;1084.91;1024.62;942.14;993.53;904.31;917.55;936.64;916.85;966.72
jun/15;1019.23;1059.74;938.85;1000.05;905.09;936.15;970.09;895.77;895.37;858.91;824.98;923.78;847.55;877.97;857.39;878.47;879.85;865.28;1089.21;1036.31;946.02;1026.68;906.29;948.49;937.43;918.96;967.87
jul/15;1022.19;1060.41;944.09;1001.77;913.29;937.07;993.28;897.30;894.31;886.91;827.83;927.09;848.34;878.66;861.69;879.50;884.42;874.68;1091.10;1040.97;950.70;1042.29;926.61;953.11;941.25;923.21;998.53
ago/15;1020.28;1062.05;974.44;1005.42;916.92;937.59;992.38;898.14;894.51;885.62;829.31;928.52;850.75;879.93;862.27;880.16;888.77;871.89;1087.00;1043.69;990.33;1043.55;946.99;954.55;971.40;959.32;998.51
set/15;1024.88;1071.13;980.12;1010.58;922.52;941.07;995.18;903.57;898.65;892.83;832.62;928.34;855.55;888.35;866.71;887.17;891.70;879.11;1082.35;1042.37;991.18;1052.05;946.68;953.95;975.23;958.95;999.22
out/15;1026.67;1074.46;989.12;1029.05;967.43;948.60;995.28;907.99;903.92;896.22;833.67;935.78;854.68;887.37;865.35;887.81;889.03;880.95;1082.26;1043.48;990.54;1051.04;945.38;951.92;975.57;960.96;999.46
nov/15;1031.11;1074.84;995.05;1028.80;969.30;952.82;1002.89;912.72;906.96;896.79;871.90;936.37;858.69;889.62;866.60;886.92;891.23;885.53;1084.25;1043.91;992.68;1057.09;949.81;956.37;976.53;963.68;1002.36
dez/15;1032.30;1068.72;995.46;1025.80;973.02;988.34;1009.13;912.49;905.00;895.69;868.88;934.24;858.40;891.27;864.05;887.50;891.55;881.99;1081.69;1045.34;996.29;1055.41;952.01;957.68;980.45;958.47;1005.84
jan/16;1033.87;1071.92;993.49;1028.10;980.78;992.52;1032.91;915.68;946.81;906.56;875.48;933.49;862.94;893.47;875.09;901.15;894.09;885.38;1083.26;1048.69;999.97;1055.68;952.41;962.22;986.36;962.30;1015.07
fev/16;1037.95;1074.45;998.13;1033.19;988.81;996.65;1035.20;923.11;952.54;911.56;877.56;939.66;905.32;898.34;875.75;906.17;900.82;891.07;1087.72;1055.28;1003.95;1062.75;974.01;968.28;986.02;967.63;1024.32
mar/16;1042.57;1076.82;997.15;1037.00;994.11;1001.86;1034.80;943.15;956.20;909.85;879.90;938.82;904.15;901.15;875.77;901.19;949.27;896.17;1091.19;1058.50;1012.58;1067.10;980.54;974.23;987.86;969.55;1026.20
abr/16;1044.00;1082.33;994.32;1037.24;997.09;1001.76;1039.27;939.84;956.01;914.81;876.36;969.50;905.66;906.13;903.15;931.25;951.79;899.04;1091.39;1056.60;1014.62;1070.12;982.91;981.24;991.45;974.76;1030.02
mai/16;1072.84;1081.70;990.28;1037.96;1001.17;1003.86;1039.26;942.98;960.09;917.52;876.36;967.10;909.39;906.11;901.05;935.13;952.84;899.45;1092.43;1091.10;1012.91;1073.88;986.39;1016.26;987.35;978.54;1030.74
jun/16;1073.77;1119.88;992.76;1036.88;1002.24;1000.77;1037.03;945.48;957.68;949.67;874.97;971.60;908.83;939.92;904.17;935.83;955.79;897.41;1149.31;1100.37;1011.61;1108.32;992.84;1018.45;986.10;981.92;1030.16
jul/16;1072.11;1122.87;990.08;1030.97;1004.55;1001.50;1042.42;966.74;957.90;949.64;875.02;972.82;910.66;943.12;904.72;939.48;955.94;903.52;1149.52;1101.09;1011.38;1116.17;992.93;1018.29;987.17;981.56;1030.64
ago/16;1069.68;1122.90;988.25;1028.64;1004.61;1009.39;1047.72;965.55;959.22;952.38;877.72;984.74;908.23;941.25;906.18;939.87;952.85;919.97;1147.14;1100.54;1011.69;1115.24;995.78;1020.48;1037.13;1012.37;1030.43
set/16;1069.77;1116.44;988.64;1085.41;1006.91;1012.88;1047.90;961.58;955.38;950.40;878.71;987.70;907.75;943.23;906.48;940.11;959.25;923.00;1146.71;1106.78;1013.73;1115.58;998.95;1016.17;1042.72;1013.14;1046.83
out/16;1069.98;1118.56;988.48;1086.22;1043.61;1015.16;1053.09;965.07;954.99;951.19;881.79;991.95;909.03;943.39;905.72;941.01;960.22;923.67;1146.94;1123.89;1013.43;1125.90;1021.39;1013.92;1044.61;1016.35;1048.41
nov/16;1072.32;1126.07;986.55;1086.16;1039.64;1018.48;1053.40;970.63;958.53;950.45;882.07;993.94;931.47;942.10;904.12;942.13;957.11;934.40;1144.14;1122.60;1011.62;1130.23;1022.05;1012.78;1049.95;1016.47;1047.71
dez/16;1065.77;1127.23;984.77;1086.28;1042.01;1016.11;1081.06;970.27;988.26;954.32;909.04;994.62;935.26;943.86;904.19;937.28;958.81;945.59;1148.06;1123.09;1056.92;1133.17;1022.73;1016.91;1045.45;1017.11;1070.97
jan/17;1065.71;1127.45;1020.57;1091.50;1039.77;1048.35;1087.03;976.53;988.19;956.34;909.91;993.01;956.54;941.44;905.88;941.27;959.42;945.52;1149.05;1127.11;1059.18;1135.83;1021.41;1016.18;1047.00;1022.52;1067.32
fev/17;1068.83;1125.53;1021.41;1089.23;1041.59;1050.77;1089.48;975.59;992.58;958.98;915.91;996.91;957.16;941.88;908.68;942.92;960.23;949.41;1146.80;1132.38;1059.31;1141.78;1024.04;1019.43;1045.89;1021.45;1069.88
mar/17;1072.43;1129.48;1026.11;1092.76;1038.80;1050.99;1101.85;1000.12;995.55;957.12;918.82;995.28;956.98;945.70;910.04;944.83;989.86;951.56;1146.09;1130.40;1062.23;1142.25;1027.74;1021.10;1050.84;1021.87;1073.01
abr/17;1068.47;1129.00;1030.07;1094.34;1037.44;1050.17;1102.13;1003.27;1000.18;957.26;924.37;1021.43;957.11;951.28;910.36;949.83;989.27;951.82;1148.48;1130.22;1060.17;1146.24;1029.35;1021.14;1049.93;1024.05;1071.98
mai/17;1065.28;1125.34;1028.43;1094.86;1034.86;1052.96;1109.08;1007.76;1002.66;957.14;927.75;1025.05;955.41;952.58;928.81;971.74;992.96;951.62;1147.98;1132.29;1058.79;1149.09;1032.82;1023.64;1047.47;1025.52;1073.72
jun/17;1088.58;1157.02;1030.03;1095.17;1034.44;1052.18;1107.10;1004.54;1003.19;955.87;930.66;1024.37;955.89;951.94;928.06;973.69;997.34;955.23;1154.07;1137.22;1058.96;1180.14;1030.23;1026.75;1052.11;1030.34;1096.60
jul/17;1089.73;1153.82;1028.15;1095.90;1030.17;1046.96;1118.71;1008.27;1003.56;956.03;934.41;1025.68;952.53;967.65;928.44;974.08;1001.97;966.04;1189.00;1140.71;1076.96;1183.55;1049.24;1048.72;1052.38;1025.72;1098.29
ago/17;1093.07;1158.94;1026.89;1093.93;1028.14;1049.29;1121.31;1012.36;1009.84;982.52;939.80;1024.10;955.01;969.99;928.51;972.38;1000.57;964.13;1189.51;1142.61;1074.71;1188.55;1052.09;1050.53;1054.15;1033.08;1103.27
set/17;1097.44;1164.40;1026.56;1095.16;1043.25;1048.57;1117.91;1015.56;1009.14;988.45;939.36;1027.92;957.34;976.21;927.95;978.00;999.92;967.13;1190.10;1144.77;1075.02;1192.80;1054.97;1055.09;1054.72;1036.77;1109.90
out/17;1102.66;1170.03;1030.32;1109.99;1043.33;1052.09;1122.18;1013.36;1009.55;986.33;939.93;1035.15;958.46;981.91;925.67;980.15;1000.04;965.87;1188.32;1145.72;1076.56;1196.55;1052.86;1056.21;1061.16;1062.33;1109.80
nov/17;1108.42;1171.82;1032.67;1112.09;1048.23;1053.41;1124.83;1015.31;1013.77;990.83;941.56;1034.83;971.01;987.52;931.68;984.43;1000.83;968.82;1190.83;1154.80;1077.96;1198.79;1056.26;1063.16;1079.28;1067.30;1118.40
dez/17;1110.88;1175.30;1031.12;1111.54;1047.55;1053.70;1121.66;1016.21;1013.74;993.49;963.98;1037.74;976.72;987.64;934.70;984.88;999.95;971.75;1193.36;1157.79;1078.35;1201.45;1058.21;1060.03;1079.16;1069.48;1123.01
jan/18;1110.92;1175.49;1033.87;1112.78;1047.56;1062.33;1120.81;1017.52;1017.99;993.97;984.94;1038.36;976.64;990.86;934.41;988.10;1000.89;975.59;1196.49;1166.18;1081.29;1200.63;1059.37;1058.24;1074.32;1069.15;1125.12
fev/18;1112.34;1173.87;1033.85;1114.66;1051.14;1063.86;1121.47;1021.67;1034.56;1002.90;985.22;1039.20;981.31;994.99;932.94;989.87;1001.85;979.75;1196.17;1170.51;1082.62;1207.52;1064.60;1059.61;1072.19;1076.22;1132.19
mar/18;1114.03;1175.53;1031.96;1114.12;1052.99;1052.29;1121.53;1025.08;1038.56;1005.05;992.28;1040.83;987.27;994.53;939.03;991.64;1002.51;979.24;1194.24;1173.22;1080.04;1212.15;1063.90;1063.51;1075.05;1074.77;1135.66
abr/18;1117.69;1177.75;1034.07;1117.82;1052.15;1052.67;1121.83;1028.58;1041.47;1008.69;998.20;1043.77;987.86;996.56;942.11;989.92;1016.92;984.06;1191.85;1172.33;1085.66;1211.98;1070.85;1063.08;1074.84;1082.24;1140.86
mai/18;1116.35;1175.47;1037.36;1125.59;1056.68;1052.68;1123.63;1031.09;1044.10;1015.40;1004.36;1045.29;995.63;994.50;941.95;996.73;1018.78;986.29;1196.62;1189.30;1090.79;1210.22;1072.39;1061.90;1077.39;1081.49;1145.79
jun/18;1123.49;1174.70;1036.17;1131.21;1060.32;1063.12;1123.44;1030.91;1044.35;1016.32;1004.80;1052.11;1008.47;993.63;944.43;1008.29;1025.68;992.33;1203.34;1196.73;1091.49;1228.70;1089.39;1064.64;1079.96;1080.38;1154.92
